"","Point.Forecast","Lo.51","Hi.51"
" 62",2272.10415620233,2178.80749599017,2365.40081641449
" 63",2272.10415620233,2140.05273527585,2404.15557712881
" 64",2272.10415620233,2110.23450744238,2433.97380496228
" 65",2272.10415620233,2085.02932529205,2459.17898711261
" 66",2272.10415620233,2062.76396666122,2481.44434574344
" 67",2272.10415620233,2042.58103961987,2501.62727278479
" 68",2272.10415620233,2023.97164910098,2520.23666330368
" 69",2272.10415620233,2006.60450289502,2537.60380950963
" 70",2272.10415620233,1990.24967821643,2553.95863418823
" 71",2272.10415620233,1974.73990940321,2569.46840300145
" 72",2272.10415620233,1959.94902894489,2584.25928345977
" 73",2272.10415620233,1945.77909774253,2598.42921466213
" 74",2272.10415620233,1932.15229341712,2612.05601898754
" 75",2272.10415620233,1919.00556885181,2625.20274355285
" 76",2272.10415620233,1906.28700579588,2637.92130660878
" 77",2272.10415620233,1893.95324920876,2650.2550631959
" 78",2272.10415620233,1881.96765496307,2662.24065744159
" 79",2272.10415620233,1870.29892256502,2673.90938983964
" 80",2272.10415620233,1858.92006619763,2685.28824620703
" 81",2272.10415620233,1847.80762710211,2696.40068530255
" 82",2272.10415620233,1836.94106154573,2707.26725085893
" 83",2272.10415620233,1826.30225879752,2717.90605360714
" 84",2272.10415620233,1815.87515688596,2728.3331555187
" 85",2272.10415620233,1805.64543294604,2738.56287945862
" 86",2272.10415620233,1795.60025119527,2748.60806120939
" 87",2272.10415620233,1785.7280559547,2758.48025644996
" 88",2272.10415620233,1776.01840025414,2768.18991215052
" 89",2272.10415620233,1766.46180282243,2777.74650958223
" 90",2272.10415620233,1757.04962792371,2787.15868448095
" 91",2272.10415620233,1747.77398373381,2796.43432867084
" 92",2272.10415620233,1738.62763587842,2805.58067652624
" 93",2272.10415620233,1729.60393345817,2814.60437894649
" 94",2272.10415620233,1720.69674542666,2823.511566978
" 95",2272.10415620233,1711.90040560472,2832.30790679994
" 96",2272.10415620233,1703.20966494118,2840.99864746348
" 97",2272.10415620233,1694.6196498867,2849.58866251796
" 98",2272.10415620233,1686.12582595133,2858.08248645333
" 99",2272.10415620233,1677.72396567839,2866.48434672626
"100",2272.10415620233,1669.41012039836,2874.7981920063
"101",2272.10415620233,1661.18059523176,2883.0277171729
"102",2272.10415620233,1653.03192689613,2891.17638550853
"103",2272.10415620233,1644.96086394224,2899.24744846242
"104",2272.10415620233,1636.96434910255,2907.2439633021
"105",2272.10415620233,1629.03950348276,2915.1688089219
"106",2272.10415620233,1621.18361236663,2923.02470003802
"107",2272.10415620233,1613.39411243773,2930.81419996693
"108",2272.10415620233,1605.66858024891,2938.53973215574
"109",2272.10415620233,1598.00472179419,2946.20359061047
"110",2272.10415620233,1590.40036305676,2953.80794934789
"111",2272.10415620233,1582.85344142416,2961.3548709805
"112",2272.10415620233,1575.36199787506,2968.8463145296
"113",2272.10415620233,1567.92416985503,2976.28414254963
"114",2272.10415620233,1560.53818476823,2983.67012763643
"115",2272.10415620233,1553.20235402145,2991.00595838321
"116",2272.10415620233,1545.91506756425,2998.29324484041
"117",2272.10415620233,1538.67478887567,3005.53352352899
"118",2272.10415620233,1531.48005035378,3012.72826205087
"119",2272.10415620233,1524.32944906922,3019.87886333544
"120",2272.10415620233,1517.22164284817,3026.98666955649
"121",2272.10415620233,1510.15534665431,3034.05296575035
"122",2272.10415620233,1503.12932924214,3041.07898316252
"123",2272.10415620233,1496.14241005737,3048.06590234729
"124",2272.10415620233,1489.19345636242,3055.01485604224
"125",2272.10415620233,1482.28138056744,3061.92693183722
"126",2272.10415620233,1475.40513774917,3068.80317465549
"127",2272.10415620233,1468.56372334172,3075.64458906294
"128",2272.10415620233,1461.75617098505,3082.45214141961
"129",2272.10415620233,1454.98155051808,3089.22676188658
"130",2272.10415620233,1448.23896610488,3095.96934629977
"131",2272.10415620233,1441.5275544832,3102.68075792146
"132",2272.10415620233,1434.84648332579,3109.36182907887
"133",2272.10415620233,1428.19494970582,3116.01336269884
"134",2272.10415620233,1421.57217865833,3122.63613374633
"135",2272.10415620233,1414.97742183061,3129.23089057405
"136",2272.10415620233,1408.40995621476,3135.7983561899
"137",2272.10415620233,1401.86908295651,3142.33922944815
"138",2272.10415620233,1395.35412623475,3148.85418616991
"139",2272.10415620233,1388.86443220667,3155.34388019799
"140",2272.10415620233,1382.39936801394,3161.80894439071
"141",2272.10415620233,1375.95832084566,3168.249991559
"142",2272.10415620233,1369.54069705414,3174.66761535052
"143",2272.10415620233,1363.14592131996,3181.0623910847
"144",2272.10415620233,1356.77343586303,3187.43487654163
"145",2272.10415620233,1350.4226996965,3193.78561270816
"146",2272.10415620233,1344.09318792076,3200.1151244839
"147",2272.10415620233,1337.78439105504,3206.42392134962
"148",2272.10415620233,1331.49581440396,3212.7124980007
"149",2272.10415620233,1325.22697745713,3218.98133494753
"150",2272.10415620233,1318.97741331937,3225.23089908529
"151",2272.10415620233,1312.74666817004,3231.46164423462
"152",2272.10415620233,1306.53430074936,3237.6740116553
"153",2272.10415620233,1300.33988187032,3243.86843053434
"154",2272.10415620233,1294.1629939545,3250.04531845016
"155",2272.10415620233,1288.00323059051,3256.20508181415
"156",2272.10415620233,1281.86019611358,3262.34811629108
"157",2272.10415620233,1275.73350520523,3268.47480719942
"158",2272.10415620233,1269.62278251172,3274.58552989294
"159",2272.10415620233,1263.52766228031,3280.68065012435
"160",2272.10415620233,1257.4477880123,3286.76052439236
"161",2272.10415620233,1251.38281213194,3292.82550027272
"162",2272.10415620233,1245.33239567023,3298.87591673443
"163",2272.10415620233,1239.29620796298,3304.91210444168
"164",2272.10415620233,1233.27392636217,3310.93438604249
"165",2272.10415620233,1227.26523596004,3316.94307644462
"166",2272.10415620233,1221.26982932514,3322.93848307952
"167",2272.10415620233,1215.28740624978,3328.92090615488
"168",2272.10415620233,1209.31767350827,3334.89063889639
"169",2272.10415620233,1203.3603446253,3340.84796777936
"170",2272.10415620233,1197.41513965416,3346.7931727505
"171",2272.10415620233,1191.48178496403,3352.72652744063
"172",2272.10415620233,1185.5600130361,3358.64829936856
"173",2272.10415620233,1179.64956226799,3364.55875013666
"174",2272.10415620233,1173.75017678607,3370.45813561859
"175",2272.10415620233,1167.86160626525,3376.3467061394
"176",2272.10415620233,1161.98360575606,3382.2247066486
"177",2272.10415620233,1156.11593551833,3388.09237688632
"178",2272.10415620233,1150.2583608616,3393.94995154306
"179",2272.10415620233,1144.41065199147,3399.79766041319
"180",2272.10415620233,1138.57258386206,3405.6357285426
"181",2272.10415620233,1132.7439360339,3411.46437637075
"182",2272.10415620233,1126.92449253735,3417.28381986731
"183",2272.10415620233,1121.11404174096,3423.0942706637
"184",2272.10415620233,1115.31237622489,3428.89593617977
"185",2272.10415620233,1109.51929265885,3434.68901974581
"186",2272.10415620233,1103.73459168462,3440.47372072004
"187",2272.10415620233,1097.95807780267,3446.25023460199
"188",2272.10415620233,1092.18955926307,3452.01875314159
"189",2272.10415620233,1086.42884796007,3457.77946444459
"190",2272.10415620233,1080.67575933059,3463.53255307407
"191",2272.10415620233,1074.93011225617,3469.27820014849
"192",2272.10415620233,1069.19172896837,3475.01658343629
"193",2272.10415620233,1063.46043495745,3480.74787744721
"194",2272.10415620233,1057.73605888418,3486.47225352048
"195",2272.10415620233,1052.01843249467,3492.18987990999
"196",2272.10415620233,1046.30739053804,3497.90092186662
"197",2272.10415620233,1040.60277068687,3503.60554171779
"198",2272.10415620233,1034.90441346038,3509.30389894428
"199",2272.10415620233,1029.21216215,3514.99615025465
"200",2272.10415620233,1023.52586274754,3520.68244965712
"201",2272.10415620233,1017.84536387559,3526.36294852907
"202",2272.10415620233,1012.17051672022,3532.03779568444
"203",2272.10415620233,1006.50117496588,3537.70713743878
"204",2272.10415620233,1000.83719473231,3543.37111767235
"205",2272.10415620233,995.178434513489,3549.02987789117
"206",2272.10415620233,989.524755118502,3554.68355728616
"207",2272.10415620233,983.876019614261,3560.3322927904
"208",2272.10415620233,978.232093269995,3565.97621913466
"209",2272.10415620233,972.592843503461,3571.6154689012
"210",2272.10415620233,966.958139828805,3577.25017257585
"211",2272.10415620233,961.327853805998,3582.88045859866
"212",2272.10415620233,955.701858991822,3588.50645341284
"213",2272.10415620233,950.080030892309,3594.12828151235
"214",2272.10415620233,944.462246916613,3599.74606548805
"215",2272.10415620233,938.848386332244,3605.35992607241
"216",2272.10415620233,933.238330221622,3610.96998218304
"217",2272.10415620233,927.631961439907,3616.57635096475
"218",2272.10415620233,922.029164574048,3622.17914783061
"219",2272.10415620233,916.429825903024,3627.77848650163
"220",2272.10415620233,910.833833359223,3633.37447904543
"221",2272.10415620233,905.241076490924,3638.96723591373
"222",2272.10415620233,899.651446425842,3644.55686597882
"223",2272.10415620233,894.064835835707,3650.14347656895
"224",2272.10415620233,888.481138901825,3655.72717350283
"225",2272.10415620233,882.900251281612,3661.30806112305
"226",2272.10415620233,877.322070076037,3666.88624232862
"227",2272.10415620233,871.746493797981,3672.46181860668
"228",2272.10415620233,866.173422341444,3678.03489006321
"229",2272.10415620233,860.602756951598,3683.60555545306
"230",2272.10415620233,855.034400195649,3689.17391220901
"231",2272.10415620233,849.468255934481,3694.74005647018
"232",2272.10415620233,843.904229295052,3700.30408310961
"233",2272.10415620233,838.342226643536,3705.86608576112
"234",2272.10415620233,832.782155559161,3711.4261568455
"235",2272.10415620233,827.223924808737,3716.98438759592
"236",2272.10415620233,821.667444321858,3722.5408680828
"237",2272.10415620233,816.112625166734,3728.09568723792
"238",2272.10415620233,810.559379526655,3733.648932878
"239",2272.10415620233,805.007620677059,3739.2006917276
"240",2272.10415620233,799.457262963179,3744.75104944148
"241",2272.10415620233,793.908221778266,3750.30009062639
"242",2272.10415620233,788.36041354235,3755.84789886231
"243",2272.10415620233,782.813755681551,3761.39455672311
"244",2272.10415620233,777.268166607885,3766.94014579677
"245",2272.10415620233,771.723565699591,3772.48474670507
"246",2272.10415620233,766.17987328193,3778.02843912273
"247",2272.10415620233,760.637010608463,3783.5713017962
"248",2272.10415620233,755.094899842783,3789.11341256188
"249",2272.10415620233,749.553464040689,3794.65484836397
"250",2272.10415620233,744.012627132799,3800.19568527186
"251",2272.10415620233,738.472313907569,3805.73599849709
"252",2272.10415620233,732.932449994728,3811.27586240993
"253",2272.10415620233,727.392961849101,3816.81535055556
"254",2272.10415620233,721.853776734819,3822.35453566984
"255",2272.10415620233,716.314822709895,3827.89348969476
"256",2272.10415620233,710.776028611169,3833.43228379349
"257",2272.10415620233,705.237324039595,3838.97098836506
"258",2272.10415620233,699.698639345876,3844.50967305878
"259",2272.10415620233,694.159905616428,3850.04840678823
"260",2272.10415620233,688.621054659663,3855.587257745
"261",2272.10415620233,683.08201899259,3861.12629341207
"262",2272.10415620233,677.542731827717,3866.66558057694
"263",2272.10415620233,672.00312706025,3872.20518534441
"264",2272.10415620233,666.46313925558,3877.74517314908
"265",2272.10415620233,660.922703637052,3883.28560876761
"266",2272.10415620233,655.381756074,3888.82655633066
"267",2272.10415620233,649.840233070056,3894.3680793346
"268",2272.10415620233,644.298071751705,3899.91024065295
"269",2272.10415620233,638.75520985711,3905.45310254755
"270",2272.10415620233,633.211585725155,3910.9967266795
"271",2272.10415620233,627.667138284753,3916.54117411991
"272",2272.10415620233,622.121807044364,3922.08650536029
"273",2272.10415620233,616.575532081751,3927.63278032291
"274",2272.10415620233,611.028254033951,3933.18005837071
"275",2272.10415620233,605.479914087461,3938.7283983172
"276",2272.10415620233,599.930453968628,3944.27785843603
"277",2272.10415620233,594.379815934252,3949.82849647041
"278",2272.10415620233,588.827942762376,3955.38036964228
"279",2272.10415620233,583.274777743272,3960.93353466139
"280",2272.10415620233,577.720264670618,3966.48804773404
"281",2272.10415620233,572.164347832856,3972.0439645718
"282",2272.10415620233,566.606972004725,3977.60134039993
"283",2272.10415620233,561.048082438973,3983.16022996569
"284",2272.10415620233,555.487624858236,3988.72068754642
"285",2272.10415620233,549.925545447082,3994.28276695758
"286",2272.10415620233,544.361790844216,3999.84652156044
"287",2272.10415620233,538.796308134844,4005.41200426981
"288",2272.10415620233,533.229044843191,4010.97926756147
"289",2272.10415620233,527.659948925162,4016.5483634795
"290",2272.10415620233,522.088968761159,4022.1193436435
"291",2272.10415620233,516.516053149034,4027.69225925562
"292",2272.10415620233,510.94115129718,4033.26716110748
"293",2272.10415620233,505.364212817761,4038.8440995869
"294",2272.10415620233,499.785187720074,4044.42312468458
"295",2272.10415620233,494.204026404041,4050.00428600062
"296",2272.10415620233,488.620679653822,4055.58763275084
"297",2272.10415620233,483.035098631558,4061.1732137731
"298",2272.10415620233,477.447234871228,4066.76107753343
"299",2272.10415620233,471.857040272633,4072.35127213202
"300",2272.10415620233,466.264467095481,4077.94384530918
"301",2272.10415620233,460.669467953593,4083.53884445107
"302",2272.10415620233,455.071995809222,4089.13631659544
"303",2272.10415620233,449.472003967469,4094.73630843719
"304",2272.10415620233,443.869446070809,4100.33886633385
"305",2272.10415620233,438.264276093718,4105.94403631094
"306",2272.10415620233,432.656448337405,4111.55186406725
"307",2272.10415620233,427.045917424628,4117.16239498003
"308",2272.10415620233,421.432638294622,4122.77567411004
"309",2272.10415620233,415.816566198109,4128.39174620655
"310",2272.10415620233,410.197656692399,4134.01065571226
"311",2272.10415620233,404.575865636589,4139.63244676807
"312",2272.10415620233,398.951149186842,4145.25716321782
"313",2272.10415620233,393.323463791747,4150.88484861291
"314",2272.10415620233,387.692766187775,4156.51554621688
"315",2272.10415620233,382.059013394804,4162.14929900985
"316",2272.10415620233,376.422162711731,4167.78614969293
"317",2272.10415620233,370.782171712158,4173.4261406925
"318",2272.10415620233,365.138998240159,4179.0693141645
"319",2272.10415620233,359.492600406115,4184.71571199854
"320",2272.10415620233,353.842936582625,4190.36537582203
"321",2272.10415620233,348.189965400493,4196.01834700416
"322",2272.10415620233,342.533645744775,4201.67466665988
"323",2272.10415620233,336.873936750903,4207.33437565376
"324",2272.10415620233,331.210797800874,4212.99751460378
"325",2272.10415620233,325.5441885195,4218.66412388516
"326",2272.10415620233,319.874068770726,4224.33424363393
"327",2272.10415620233,314.200398654015,4230.00791375064
"328",2272.10415620233,308.523138500779,4235.68517390388
"329",2272.10415620233,302.842248870896,4241.36606353376
"330",2272.10415620233,297.157690549255,4247.0506218554
"331",2272.10415620233,291.469424542385,4252.73888786227
"332",2272.10415620233,285.777412075128,4258.43090032953
"333",2272.10415620233,280.081614587362,4264.1266978173
"334",2272.10415620233,274.381993730799,4269.82631867386
"335",2272.10415620233,268.678511365808,4275.52980103885
"336",2272.10415620233,262.971129558316,4281.23718284634
"337",2272.10415620233,257.259810576742,4286.94850182792
"338",2272.10415620233,251.544516888991,4292.66379551567
"339",2272.10415620233,245.825211159491,4298.38310124517
"340",2272.10415620233,240.101856246283,4304.10645615838
"341",2272.10415620233,234.374415198151,4309.83389720651
"342",2272.10415620233,228.642851251811,4315.56546115285
"343",2272.10415620233,222.907127829126,4321.30118457553
"344",2272.10415620233,217.167208534384,4327.04110387028
"345",2272.10415620233,211.423057151609,4332.78525525305
"346",2272.10415620233,205.674637641916,4338.53367476274
"347",2272.10415620233,199.921914140907,4344.28639826375
"348",2272.10415620233,194.164850956116,4350.04346144854
"349",2272.10415620233,188.403412564479,4355.80489984018
"350",2272.10415620233,182.637563609861,4361.5707487948
"351",2272.10415620233,176.8672689006,4367.34104350406
"352",2272.10415620233,171.092493407117,4373.11581899754
"353",2272.10415620233,165.313202259536,4378.89511014512
"354",2272.10415620233,159.529360745353,4384.67895165931
"355",2272.10415620233,153.740934307145,4390.46737809751
"356",2272.10415620233,147.947888540305,4396.26042386435
"357",2272.10415620233,142.150189190811,4402.05812321385
"358",2272.10415620233,136.347802153043,4407.86051025162
"359",2272.10415620233,130.54069346761,4413.66761893705
"360",2272.10415620233,124.728829319234,4419.47948308542
"361",2272.10415620233,118.912176034643,4425.29613637002
"362",2272.10415620233,113.090700080515,4431.11761232414
"363",2272.10415620233,107.264368061441,4436.94394434322
"364",2272.10415620233,101.433146717916,4442.77516568674
"365",2272.10415620233,95.5970029243758,4448.61130948028
"366",2272.10415620233,89.755903687239,4454.45240871742
"367",2272.10415620233,83.9098161429984,4460.29849626166
"368",2272.10415620233,78.058707556329,4466.14960484833
"369",2272.10415620233,72.2025453182287,4472.00576708643
"370",2272.10415620233,66.3412969441792,4477.86701546048
"371",2272.10415620233,60.4749300723424,4483.73338233232
"372",2272.10415620233,54.6034124617763,4489.60489994288
"373",2272.10415620233,48.7267119906787,4495.48160041398
"374",2272.10415620233,42.8447966546573,4501.36351575
"375",2272.10415620233,36.957634565018,4507.25067783964
"376",2272.10415620233,31.0651939470877,4513.14311845757
"377",2272.10415620233,25.1674431385536,4519.0408692661
"378",2272.10415620233,19.2643505878254,4524.94396181683
"379",2272.10415620233,13.3558848524244,4530.85242755223
"380",2272.10415620233,7.44201459739452,4536.76629780726
"381",2272.10415620233,1.52270859373175,4542.68560381093
"382",2272.10415620233,-4.4020642831606,4548.61037668782
"383",2272.10415620233,-10.3323350549986,4554.54064745966
"384",2272.10415620233,-16.2681346421186,4560.47644704678
"385",2272.10415620233,-22.2094938649643,4566.41780626962
"386",2272.10415620233,-28.1564434455468,4572.36475585021
"387",2272.10415620233,-34.1090140088886,4578.31732641355
"388",2272.10415620233,-40.0672360844501,4584.27554848911
"389",2272.10415620233,-46.0311401075282,4590.23945251219
"390",2272.10415620233,-52.0007564206485,4596.20906882531
"391",2272.10415620233,-57.9761152749265,4602.18442767959
"392",2272.10415620233,-63.9572468314191,4608.16555923608
"393",2272.10415620233,-69.9441811624552,4614.15249356711
"394",2272.10415620233,-75.9369482529473,4620.14526065761
"395",2272.10415620233,-81.935578001689,4626.14389040635
"396",2272.10415620233,-87.9401002226318,4632.14841262729
"397",2272.10415620233,-93.9505446461467,4638.1588570508
"398",2272.10415620233,-99.9669409202729,4644.17525332493
"399",2272.10415620233,-105.989318611942,4650.1976310166
"400",2272.10415620233,-112.017707208194,4656.22601961285
"401",2272.10415620233,-118.052136117374,4662.26044852203
"402",2272.10415620233,-124.092634670315,4668.30094707497
"403",2272.10415620233,-130.139232121502,4674.34754452616
"404",2272.10415620233,-136.191957650227,4680.40027005489
"405",2272.10415620233,-142.250840361725,4686.45915276638
"406",2272.10415620233,-148.315909288295,4692.52422169295
"407",2272.10415620233,-154.38719339041,4698.59550579507
"408",2272.10415620233,-160.464721557812,4704.67303396247
"409",2272.10415620233,-166.548522610592,4710.75683501525
"410",2272.10415620233,-172.638625300256,4716.84693770492
"411",2272.10415620233,-178.735058310781,4722.94337071544
"412",2272.10415620233,-184.837850259656,4729.04616266431
"413",2272.10415620233,-190.947029698904,4735.15534210356
"414",2272.10415620233,-197.062625116106,4741.27093752077
"415",2272.10415620233,-203.184664935398,4747.39297734006
"416",2272.10415620233,-209.313177518463,4753.52148992312
"417",2272.10415620233,-215.448191165507,4759.65650357017
"418",2272.10415620233,-221.58973411623,4765.79804652089
"419",2272.10415620233,-227.737834550777,4771.94614695544
"420",2272.10415620233,-233.892520590682,4778.10083299534
"421",2272.10415620233,-240.053820299799,4784.26213270446
"422",2272.10415620233,-246.221761685226,4790.43007408988
"423",2272.10415620233,-252.396372698208,4796.60468510287
"424",2272.10415620233,-258.577681235045,4802.7859936397
"425",2272.10415620233,-264.765715137971,4808.97402754263
"426",2272.10415620233,-270.960502196036,4815.16881460069
"427",2272.10415620233,-277.162070145975,4821.37038255063
"428",2272.10415620233,-283.37044667306,4827.57875907772
"429",2272.10415620233,-289.585659411953,4833.79397181661
"430",2272.10415620233,-295.807735947538,4840.0160483522
"431",2272.10415620233,-302.036703815752,4846.24501622041
"432",2272.10415620233,-308.272590504401,4852.48090290906
"433",2272.10415620233,-314.515423453969,4858.72373585863
"434",2272.10415620233,-320.765230058419,4864.97354246308
"435",2272.10415620233,-327.022037665979,4871.23035007064
"436",2272.10415620233,-333.285873579927,4877.49418598459
"437",2272.10415620233,-339.556765059362,4883.76507746402
"438",2272.10415620233,-345.834739319967,4890.04305172463
"439",2272.10415620233,-352.119823534766,4896.32813593942
"440",2272.10415620233,-358.412044834866,4902.62035723952
"441",2272.10415620233,-364.711430310198,4908.91974271486
"442",2272.10415620233,-371.018007010249,4915.22631941491
"443",2272.10415620233,-377.33180194478,4921.54011434944
"444",2272.10415620233,-383.652842084541,4927.8611544892
"445",2272.10415620233,-389.981154361977,4934.18946676663
"446",2272.10415620233,-396.316765671927,4940.52507807659
"447",2272.10415620233,-402.659702872315,4946.86801527697
"448",2272.10415620233,-409.009992784829,4953.21830518949
"449",2272.10415620233,-415.367662195602,4959.57597460026
"450",2272.10415620233,-421.732737855876,4965.94105026054
"451",2272.10415620233,-428.105246482667,4972.31355888733
"452",2272.10415620233,-434.485214759417,4978.69352716408
"453",2272.10415620233,-440.872669336638,4985.0809817413
"454",2272.10415620233,-447.267636832559,4991.47594923722
"455",2272.10415620233,-453.670143833755,4997.87845623841
"456",2272.10415620233,-460.08021689577,5004.28852930043
"457",2272.10415620233,-466.497882543748,5010.70619494841
"458",2272.10415620233,-472.923167273035,5017.13147967769
"459",2272.10415620233,-479.356097549794,5023.56440995445
"460",2272.10415620233,-485.796699811601,5030.00501221626
"461",2272.10415620233,-492.245000468043,5036.4533128727
"462",2272.10415620233,-498.701025901305,5042.90933830596
"463",2272.10415620233,-505.164802466753,5049.37311487141
"464",2272.10415620233,-511.63635649351,5055.84466889817
"465",2272.10415620233,-518.115714285025,5062.32402668968
"466",2272.10415620233,-524.602902119644,5068.8112145243
"467",2272.10415620233,-531.097946251159,5075.30625865582
"468",2272.10415620233,-537.600872909372,5081.80918531403
"469",2272.10415620233,-544.111708300635,5088.32002070529
"470",2272.10415620233,-550.630478608399,5094.83879101306
"471",2272.10415620233,-557.157209993743,5101.3655223984
"472",2272.10415620233,-563.691928595916,5107.90024100057
"473",2272.10415620233,-570.234660532852,5114.44297293751
"474",2272.10415620233,-576.785431901701,5120.99374430636
"475",2272.10415620233,-583.344268779339,5127.552581184
"476",2272.10415620233,-589.911197222884,5134.11950962754
"477",2272.10415620233,-596.486243270197,5140.69455567486
"478",2272.10415620233,-603.069432940387,5147.27774534505
"479",2272.10415620233,-609.660792234306,5153.86910463896
"480",2272.10415620233,-616.260347135041,5160.4686595397
"481",2272.10415620233,-622.868123608402,5167.07643601306
"482",2272.10415620233,-629.4841476034,5173.69246000806
"483",2272.10415620233,-636.108445052733,5180.31675745739
"484",2272.10415620233,-642.741041873248,5186.94935427791
"485",2272.10415620233,-649.381963966422,5193.59027637108
"486",2272.10415620233,-656.031237218816,5200.23954962347
"487",2272.10415620233,-662.688887502542,5206.8971999072
"488",2272.10415620233,-669.354940675716,5213.56325308037
"489",2272.10415620233,-676.029422582908,5220.23773498757
"490",2272.10415620233,-682.712359055593,5226.92067146025
"491",2272.10415620233,-689.403775912594,5233.61208831725
"492",2272.10415620233,-696.103698960516,5240.31201136517
"493",2272.10415620233,-702.812153994188,5247.02046639885
"494",2272.10415620233,-709.529166797091,5253.73747920175
"495",2272.10415620233,-716.254763141784,5260.46307554644
"496",2272.10415620233,-722.988968790332,5267.19728119499
"497",2272.10415620233,-729.731809494723,5273.94012189938
"498",2272.10415620233,-736.483310997283,5280.69162340194
"499",2272.10415620233,-743.24349903109,5287.45181143575
"500",2272.10415620233,-750.012399320385,5294.22071172504
"501",2272.10415620233,-756.79003758097,5300.99834998563
"502",2272.10415620233,-763.576439520621,5307.78475192528
"503",2272.10415620233,-770.371630839472,5314.57994324413
"504",2272.10415620233,-777.175637230423,5321.38394963508
"505",2272.10415620233,-783.988484379522,5328.19679678418
"506",2272.10415620233,-790.810197966357,5335.01851037102
"507",2272.10415620233,-797.640803664443,5341.8491160691
"508",2272.10415620233,-804.480327141595,5348.68863954625
"509",2272.10415620233,-811.328794060315,5355.53710646497
"510",2272.10415620233,-818.186230078162,5362.39454248282
"511",2272.10415620233,-825.052660848126,5369.26097325278
"512",2272.10415620233,-831.928112018992,5376.13642442365
"513",2272.10415620233,-838.812609235715,5383.02092164037
"514",2272.10415620233,-845.70617813977,5389.91449054443
"515",2272.10415620233,-852.608844369524,5396.81715677418
"516",2272.10415620233,-859.520633560584,5403.72894596524
"517",2272.10415620233,-866.441571346153,5410.64988375081
"518",2272.10415620233,-873.371683357384,5417.57999576204
"519",2272.10415620233,-880.310995223721,5424.51930762838
"520",2272.10415620233,-887.259532573252,5431.46784497791
"521",2272.10415620233,-894.217321033047,5438.42563343771
"522",2272.10415620233,-901.184386229498,5445.39269863416
"523",2272.10415620233,-908.160753788656,5452.36906619331
"524",2272.10415620233,-915.146449336567,5459.35476174123
"525",2272.10415620233,-922.141498499601,5466.34981090426
"526",2272.10415620233,-929.145926904783,5473.35423930944
"527",2272.10415620233,-936.15976018012,5480.36807258478
"528",2272.10415620233,-943.183023954922,5487.39133635958
"529",2272.10415620233,-950.215743860127,5494.42405626478
"530",2272.10415620233,-957.257945528616,5501.46625793327
"531",2272.10415620233,-964.309654595537,5508.5179670002
"532",2272.10415620233,-971.370896698609,5515.57920910327
"533",2272.10415620233,-978.44169747844,5522.6500098831
"534",2272.10415620233,-985.522082578839,5529.7303949835
"535",2272.10415620233,-992.612077647114,5536.82039005177
"536",2272.10415620233,-999.711708334387,5543.92002073905
"537",2272.10415620233,-1006.82100029589,5551.02931270055
"538",2272.10415620233,-1013.93997919126,5558.14829159592
"539",2272.10415620233,-1021.06867068487,5565.27698308953
"540",2272.10415620233,-1028.20710044606,5572.41541285072
"541",2272.10415620233,-1035.3552941495,5579.56360655416
"542",2272.10415620233,-1042.51327747545,5586.72158988011
"543",2272.10415620233,-1049.68107611003,5593.88938851469
"544",2272.10415620233,-1056.85871574555,5601.06702815021
"545",2272.10415620233,-1064.04622208077,5608.25453448543
"546",2272.10415620233,-1071.24362082118,5615.45193322584
"547",2272.10415620233,-1078.4509376793,5622.65925008396
"548",2272.10415620233,-1085.66819837493,5629.87651077959
"549",2272.10415620233,-1092.89542863548,5637.10374104014
"550",2272.10415620233,-1100.13265419618,5644.34096660084
"551",2272.10415620233,-1107.37990080039,5651.58821320505
"552",2272.10415620233,-1114.63719419989,5658.84550660455
"553",2272.10415620233,-1121.9045601551,5666.11287255976
"554",2272.10415620233,-1129.18202443539,5673.39033684005
"555",2272.10415620233,-1136.46961281933,5680.67792522398
"556",2272.10415620233,-1143.76735109495,5687.97566349961
"557",2272.10415620233,-1151.07526506002,5695.28357746468
"558",2272.10415620233,-1158.3933805223,5702.60169292696
"559",2272.10415620233,-1165.72172329978,5709.93003570444
"560",2272.10415620233,-1173.06031922098,5717.26863162564
"561",2272.10415620233,-1180.40919412518,5724.61750652984
"562",2272.10415620233,-1187.76837386266,5731.97668626732
"563",2272.10415620233,-1195.13788429499,5739.34619669965
"564",2272.10415620233,-1202.51775129524,5746.7260636999
"565",2272.10415620233,-1209.90800074828,5754.11631315294
"566",2272.10415620233,-1217.30865855097,5761.51697095563
"567",2272.10415620233,-1224.71975061246,5768.92806301711
"568",2272.10415620233,-1232.14130285437,5776.34961525903
"569",2272.10415620233,-1239.57334121111,5783.78165361577
"570",2272.10415620233,-1247.01589163008,5791.22420403474
"571",2272.10415620233,-1254.4689800719,5798.67729247656
"572",2272.10415620233,-1261.93263251066,5806.14094491532
"573",2272.10415620233,-1269.40687493417,5813.61518733883
"574",2272.10415620233,-1276.8917333442,5821.10004574886
"575",2272.10415620233,-1284.38723375667,5828.59554616133
"576",2272.10415620233,-1291.89340220193,5836.10171460659
"577",2272.10415620233,-1299.41026472498,5843.61857712964
"578",2272.10415620233,-1306.93784738569,5851.14615979035
"579",2272.10415620233,-1314.47617625903,5858.68448866369
"580",2272.10415620233,-1322.0252774353,5866.23358983996
"581",2272.10415620233,-1329.58517702038,5873.79348942504
"582",2272.10415620233,-1337.1559011359,5881.36421354056
"583",2272.10415620233,-1344.73747591952,5888.94578832418
"584",2272.10415620233,-1352.32992752512,5896.53823992978
"585",2272.10415620233,-1359.93328212304,5904.1415945277
"586",2272.10415620233,-1367.54756590028,5911.75587830494
"587",2272.10415620233,-1375.17280506073,5919.38111746539
"588",2272.10415620233,-1382.80902582539,5927.01733823004
"589",2272.10415620233,-1390.45625443257,5934.66456683723
"590",2272.10415620233,-1398.11451713814,5942.3228295428
"591",2272.10415620233,-1405.78384021571,5949.99215262037
"592",2272.10415620233,-1413.46424995685,5957.6725623615
"593",2272.10415620233,-1421.1557726713,5965.36408507596
"594",2272.10415620233,-1428.85843468721,5973.06674709187
"595",2272.10415620233,-1436.5722623513,5980.78057475596
"596",2272.10415620233,-1444.29728202912,5988.50559443378
"597",2272.10415620233,-1452.0335201052,5996.24183250985
"598",2272.10415620233,-1459.7810029833,6003.98931538796
"599",2272.10415620233,-1467.53975708662,6011.74806949127
"600",2272.10415620233,-1475.30980885795,6019.51812126261
"601",2272.10415620233,-1483.09118475995,6027.29949716461
"602",2272.10415620233,-1490.88391127528,6035.09222367994
"603",2272.10415620233,-1498.68801490684,6042.8963273115
"604",2272.10415620233,-1506.50352217796,6050.71183458262
"605",2272.10415620233,-1514.33045963261,6058.53877203727
"606",2272.10415620233,-1522.16885383557,6066.37716624023
"607",2272.10415620233,-1530.01873137267,6074.22704377733
"608",2272.10415620233,-1537.88011885093,6082.08843125559
"609",2272.10415620233,-1545.75304289882,6089.96135530348
"610",2272.10415620233,-1553.6375301664,6097.84584257105
"611",2272.10415620233,-1561.53360732552,6105.74191973018
"612",2272.10415620233,-1569.44130107006,6113.64961347472
"613",2272.10415620233,-1577.36063811606,6121.56895052072
"614",2272.10415620233,-1585.29164520195,6129.49995760661
"615",2272.10415620233,-1593.23434908873,6137.44266149338
"616",2272.10415620233,-1601.18877656013,6145.39708896479
"617",2272.10415620233,-1609.15495442285,6153.36326682751
"618",2272.10415620233,-1617.13290950673,6161.34122191138
"619",2272.10415620233,-1625.12266866488,6169.33098106954
"620",2272.10415620233,-1633.12425877396,6177.33257117862
"621",2272.10415620233,-1641.1377067343,6185.34601913896
"622",2272.10415620233,-1649.16303947009,6193.37135187475
"623",2272.10415620233,-1657.20028392958,6201.40859633424
"624",2272.10415620233,-1665.24946708527,6209.45777948992
"625",2272.10415620233,-1673.31061593404,6217.5189283387
"626",2272.10415620233,-1681.38375749741,6225.59206990207
"627",2272.10415620233,-1689.46891882165,6233.67723122631
"628",2272.10415620233,-1697.56612697799,6241.77443938265
"629",2272.10415620233,-1705.67540906281,6249.88372146747
"630",2272.10415620233,-1713.79679219777,6258.00510460243
"631",2272.10415620233,-1721.93030353006,6266.13861593471
"632",2272.10415620233,-1730.07597023249,6274.28428263715
"633",2272.10415620233,-1738.23381950375,6282.4421319084
"634",2272.10415620233,-1746.40387856852,6290.61219097318
"635",2272.10415620233,-1754.58617467767,6298.79448708233
"636",2272.10415620233,-1762.78073510846,6306.98904751312
"637",2272.10415620233,-1770.98758716465,6315.19589956931
"638",2272.10415620233,-1779.20675817672,6323.41507058138
"639",2272.10415620233,-1787.43827550203,6331.64658790669
"640",2272.10415620233,-1795.682166525,6339.89047892966
"641",2272.10415620233,-1803.93845865724,6348.1467710619
"642",2272.10415620233,-1812.20717933778,6356.41549174243
"643",2272.10415620233,-1820.48835603318,6364.69666843784
"644",2272.10415620233,-1828.78201623775,6372.9903286424
"645",2272.10415620233,-1837.08818747367,6381.29649987833
"646",2272.10415620233,-1845.4068972912,6389.61520969586
"647",2272.10415620233,-1853.73817326881,6397.94648567347
"648",2272.10415620233,-1862.08204301338,6406.29035541803
"649",2272.10415620233,-1870.43853416032,6414.64684656498
"650",2272.10415620233,-1878.80767437379,6423.01598677845
"651",2272.10415620233,-1887.18949134681,6431.39780375147
"652",2272.10415620233,-1895.58401280148,6439.79232520614
"653",2272.10415620233,-1903.99126648908,6448.19957889373
"654",2272.10415620233,-1912.41128019028,6456.61959259494
"655",2272.10415620233,-1920.84408171529,6465.05239411994
"656",2272.10415620233,-1929.289698904,6473.49801130866
"657",2272.10415620233,-1937.74815962618,6481.95647203084
"658",2272.10415620233,-1946.2194917816,6490.42780418626
"659",2272.10415620233,-1954.70372330023,6498.91203570489
"660",2272.10415620233,-1963.20088214234,6507.409194547
"661",2272.10415620233,-1971.71099629874,6515.9193087034
"662",2272.10415620233,-1980.23409379086,6524.44240619552
"663",2272.10415620233,-1988.77020267096,6532.97851507562
"664",2272.10415620233,-1997.31935102226,6541.52766342692
"665",2272.10415620233,-2005.88156695911,6550.08987936377
"666",2272.10415620233,-2014.45687862713,6558.66519103179
"667",2272.10415620233,-2023.04531420341,6567.25362660807
"668",2272.10415620233,-2031.64690189659,6575.85521430125
"669",2272.10415620233,-2040.26166994709,6584.46998235175
"670",2272.10415620233,-2048.88964662722,6593.09795903187
"671",2272.10415620233,-2057.53086024134,6601.739172646
"672",2272.10415620233,-2066.18533912603,6610.39365153069
"673",2272.10415620233,-2074.85311165023,6619.06142405489
"674",2272.10415620233,-2083.5342062154,6627.74251862006
"675",2272.10415620233,-2092.22865125566,6636.43696366032
"676",2272.10415620233,-2100.93647523795,6645.14478764261
"677",2272.10415620233,-2109.65770666218,6653.86601906684
"678",2272.10415620233,-2118.3923740614,6662.60068646605
"679",2272.10415620233,-2127.1405060019,6671.34881840655
"680",2272.10415620233,-2135.90213108341,6680.11044348807
"681",2272.10415620233,-2144.67727793925,6688.88559034391
"682",2272.10415620233,-2153.46597523644,6697.6742876411
"683",2272.10415620233,-2162.26825167587,6706.47656408053
"684",2272.10415620233,-2171.08413599246,6715.29244839712
"685",2272.10415620233,-2179.9136569553,6724.12196935995
"686",2272.10415620233,-2188.75684336778,6732.96515577243
"687",2272.10415620233,-2197.61372406777,6741.82203647243
"688",2272.10415620233,-2206.48432792774,6750.6926403324
"689",2272.10415620233,-2215.36868385494,6759.5769962596
"690",2272.10415620233,-2224.26682079149,6768.47513319615
"691",2272.10415620233,-2233.17876771459,6777.38708011925
"692",2272.10415620233,-2242.10455363662,6786.31286604128
"693",2272.10415620233,-2251.0442076053,6795.25252000996
"694",2272.10415620233,-2259.99775870386,6804.20607110852
"695",2272.10415620233,-2268.96523605113,6813.17354845579
"696",2272.10415620233,-2277.94666880174,6822.1549812064
"697",2272.10415620233,-2286.94208614624,6831.1503985509
"698",2272.10415620233,-2295.95151731122,6840.15982971588
"699",2272.10415620233,-2304.97499155951,6849.18330396417
"700",2272.10415620233,-2314.01253819028,6858.22085059494
"701",2272.10415620233,-2323.06418653919,6867.27249894385
"702",2272.10415620233,-2332.12996597854,6876.3382783832
"703",2272.10415620233,-2341.20990591741,6885.41821832207
"704",2272.10415620233,-2350.3040358018,6894.51234820646
"705",2272.10415620233,-2359.41238511478,6903.62069751944
"706",2272.10415620233,-2368.53498337662,6912.74329578128
"707",2272.10415620233,-2377.67186014495,6921.88017254961
"708",2272.10415620233,-2386.82304501486,6931.03135741952
"709",2272.10415620233,-2395.9885676191,6940.19688002375
"710",2272.10415620233,-2405.16845762816,6949.37677003282
"711",2272.10415620233,-2414.36274475047,6958.57105715513
"712",2272.10415620233,-2423.57145873249,6967.77977113715
"713",2272.10415620233,-2432.79462935887,6977.00294176353
"714",2272.10415620233,-2442.03228645259,6986.24059885725
"715",2272.10415620233,-2451.28445987511,6995.49277227977
"716",2272.10415620233,-2460.55117952649,7004.75949193115
"717",2272.10415620233,-2469.83247534552,7014.04078775018
"718",2272.10415620233,-2479.12837730989,7023.33668971455
"719",2272.10415620233,-2488.43891543633,7032.64722784099
"720",2272.10415620233,-2497.76411978069,7041.97243218535
"721",2272.10415620233,-2507.10402043815,7051.31233284281
"722",2272.10415620233,-2516.45864754333,7060.66695994799
"723",2272.10415620233,-2525.82803127039,7070.03634367505
"724",2272.10415620233,-2535.21220183324,7079.4205142379
"725",2272.10415620233,-2544.61118948562,7088.81950189028
"726",2272.10415620233,-2554.02502452126,7098.23333692591
"727",2272.10415620233,-2563.45373727399,7107.66204967865
"728",2272.10415620233,-2572.89735811794,7117.1056705226
"729",2272.10415620233,-2582.3559174676,7126.56422987226
"730",2272.10415620233,-2591.82944577801,7136.03775818267
"731",2272.10415620233,-2601.31797354487,7145.52628594953
"732",2272.10415620233,-2610.82153130467,7155.02984370933
"733",2272.10415620233,-2620.34014963486,7164.54846203952
"734",2272.10415620233,-2629.87385915395,7174.08217155861
"735",2272.10415620233,-2639.42269052167,7183.63100292632
"736",2272.10415620233,-2648.98667443906,7193.19498684372
"737",2272.10415620233,-2658.56584164869,7202.77415405335
"738",2272.10415620233,-2668.1602229347,7212.36853533936
"739",2272.10415620233,-2677.76984912299,7221.97816152765
"740",2272.10415620233,-2687.39475108135,7231.60306348601
"741",2272.10415620233,-2697.03495971958,7241.24327212424
"742",2272.10415620233,-2706.69050598963,7250.89881839428
"743",2272.10415620233,-2716.36142088572,7260.56973329038
"744",2272.10415620233,-2726.04773544451,7270.25604784917
"745",2272.10415620233,-2735.7494807452,7279.95779314986
"746",2272.10415620233,-2745.46668790968,7289.67500031434
"747",2272.10415620233,-2755.19938810264,7299.4077005073
"748",2272.10415620233,-2764.94761253174,7309.1559249364
"749",2272.10415620233,-2774.71139244772,7318.91970485238
"750",2272.10415620233,-2784.49075914453,7328.69907154919
"751",2272.10415620233,-2794.28574395947,7338.49405636412
"752",2272.10415620233,-2804.09637827332,7348.30469067798
"753",2272.10415620233,-2813.9226935105,7358.13100591515
"754",2272.10415620233,-2823.76472113913,7367.97303354379
"755",2272.10415620233,-2833.62249267125,7377.8308050759
"756",2272.10415620233,-2843.49603966289,7387.70435206755
"757",2272.10415620233,-2853.38539371423,7397.59370611889
"758",2272.10415620233,-2863.29058646973,7407.49889887439
"759",2272.10415620233,-2873.21164961824,7417.4199620229
"760",2272.10415620233,-2883.14861489317,7427.35692729783
"761",2272.10415620233,-2893.10151407259,7437.30982647725
"762",2272.10415620233,-2903.07037897937,7447.27869138403
"763",2272.10415620233,-2913.05524148131,7457.26355388597
"764",2272.10415620233,-2923.05613349129,7467.26444589594
"765",2272.10415620233,-2933.07308696736,7477.28139937202
"766",2272.10415620233,-2943.10613391292,7487.31444631758
"767",2272.10415620233,-2953.15530637683,7497.36361878148
"768",2272.10415620233,-2963.2206364535,7507.42894885816
"769",2272.10415620233,-2973.30215628312,7517.51046868778
"770",2272.10415620233,-2983.39989805168,7527.60821045633
"771",2272.10415620233,-2993.51389399117,7537.72220639583
"772",2272.10415620233,-3003.64417637969,7547.85248878435
"773",2272.10415620233,-3013.79077754159,7557.99908994625
"774",2272.10415620233,-3023.95372984758,7568.16204225224
"775",2272.10415620233,-3034.13306571487,7578.34137811953
"776",2272.10415620233,-3044.32881760733,7588.53713001199
"777",2272.10415620233,-3054.54101803557,7598.74933044022
"778",2272.10415620233,-3064.76969955708,7608.97801196174
"779",2272.10415620233,-3075.01489477642,7619.22320718108
"780",2272.10415620233,-3085.27663634525,7629.48494874991
"781",2272.10415620233,-3095.55495696256,7639.76326936722
"782",2272.10415620233,-3105.84988937473,7650.05820177939
"783",2272.10415620233,-3116.16146637569,7660.36977878034
"784",2272.10415620233,-3126.48972080703,7670.69803321169
"785",2272.10415620233,-3136.83468555816,7681.04299796282
"786",2272.10415620233,-3147.19639356643,7691.40470597108
"787",2272.10415620233,-3157.57487781722,7701.78319022188
"788",2272.10415620233,-3167.97017134414,7712.1784837488
"789",2272.10415620233,-3178.3823072291,7722.59061963376
"790",2272.10415620233,-3188.81131860247,7733.01963100713
"791",2272.10415620233,-3199.25723864319,7743.46555104785
